<?xml version='1.0' encoding='ISO-8859-1' ?>
<!-- $Revision: 1.1.6.1 $ $Date: 2004/04/20 22:13:25 $ -->

<toc version="1.0">

<tocitem target="googleearth_product_page.html" image="$toolbox/matlab/icons/book_mat.gif">Google Earth Toolbox

<tocitem target="contents.html" image="$toolbox/matlab/icons/reficon.gif">Toolbox Contents - Alphabetical List 
    <tocitem image="$toolbox/matlab/icons/bookicon.gif" target="ge_axes.html">ge_axes </tocitem>
    <tocitem image="$toolbox/matlab/icons/bookicon.gif" target="ge_barbdaes.html">ge_barbdaes </tocitem>
    <tocitem image="$toolbox/matlab/icons/bookicon.gif" target="ge_box.html">ge_box </tocitem>
    <tocitem image="$toolbox/matlab/icons/bookicon.gif" target="ge_circle.html">ge_circle </tocitem>
    <tocitem image="$toolbox/matlab/icons/bookicon.gif" target="ge_colorbar.html">ge_colorbar </tocitem>
    <tocitem image="$toolbox/matlab/icons/bookicon.gif" target="ge_contour.html">ge_contour </tocitem>
    <tocitem image="$toolbox/matlab/icons/bookicon.gif" target="ge_contourf.html">ge_contourf </tocitem>
    <tocitem image="$toolbox/matlab/icons/bookicon.gif" target="ge_cylinder.html">ge_cylinder </tocitem>
    <tocitem image="$toolbox/matlab/icons/bookicon.gif" target="ge_folder.html">ge_folder </tocitem>
    <tocitem image="$toolbox/matlab/icons/bookicon.gif" target="ge_gplot.html">ge_gplot </tocitem>
    <tocitem image="$toolbox/matlab/icons/bookicon.gif" target="ge_groundoverlay.html">ge_groundoverlay </tocitem>
    <tocitem image="$toolbox/matlab/icons/bookicon.gif" target="ge_imagesc.html">ge_imagesc </tocitem>
    <tocitem image="$toolbox/matlab/icons/bookicon.gif" target="ge_output.html">ge_output </tocitem>
    <tocitem image="$toolbox/matlab/icons/bookicon.gif" target="ge_plot.html">ge_plot </tocitem>
    <tocitem image="$toolbox/matlab/icons/bookicon.gif" target="ge_plot3.html">ge_plot3 </tocitem>
    <tocitem image="$toolbox/matlab/icons/bookicon.gif" target="ge_point.html">ge_point </tocitem>
    <tocitem image="$toolbox/matlab/icons/bookicon.gif" target="ge_poly.html">ge_poly </tocitem>
    <tocitem image="$toolbox/matlab/icons/bookicon.gif" target="ge_poly3.html">ge_poly3 </tocitem>
    <tocitem image="$toolbox/matlab/icons/bookicon.gif" target="ge_quiver.html">ge_quiver </tocitem>
    <tocitem image="$toolbox/matlab/icons/bookicon.gif" target="ge_quiver3.html">ge_quiver3 </tocitem>  
    <tocitem image="$toolbox/matlab/icons/bookicon.gif" target="ge_surf.html">ge_surf</tocitem>  
    <tocitem image="$toolbox/matlab/icons/bookicon.gif" target="ge_windbarb.html">ge_windbarb</tocitem>
    <tocitem image="$toolbox/matlab/icons/pagesicon.gif" target="collada_models.html">Collada models</tocitem>
    <tocitem image="$toolbox/matlab/icons/pagesicon.gif" target="timestamp.html">Dynamic visualization</tocitem>
    <tocitem image="$toolbox/matlab/icons/pagesicon.gif" target="extrude.html">Extruding objects</tocitem>
    <tocitem image="$toolbox/matlab/icons/pagesicon.gif" target="tessellate.html">Tessellation</tocitem>
</tocitem>

<tocitem target="http://www.mathworks.com/matlabcentral/fileexchange/loadFile.do?objectId=12954" image="$toolbox/matlab/icons/webicon.gif">Matlab Central File Exchange</tocitem>

<tocitem target="http://earth.google.com" image="$toolbox/matlab/icons/webicon.gif">Google Earth Home</tocitem>

<tocitem target="http://code.google.com/apis/kml/documentation/kml_tags_21.html" image="$toolbox/matlab/icons/webicon.gif">Google Earth KML 2.1 Reference</tocitem>

<tocitem target="print_doc_index.html" image="$toolbox/matlab/icons/pdficon.gif">Printable documentation</tocitem>


</tocitem>
</toc>
